Actual,Predicted
1138800.32,1159178.5024000006
1304850.67,1400031.9369999997
1769296.25,1823402.3892999997
1077640.13,969108.2377000008
428851.99,430264.3842000003
1004523.59,984293.4769999998
1523410.71,1176848.2805999985
1014898.78,956480.3495000005
1955896.59,2045082.6755999988
958667.23,956165.3567000009
687344.68,657519.0710000002
513991.57,533891.7256000001
1840686.94,1889769.9516
881503.95,822575.2833000001
955506.95,1017173.4605000009
874790.68,962967.2301000011
672194.03,691483.0247
820964.1,861415.4300999994
608390.94,553806.9556999998
547384.9,563248.4661000005
733564.77,728413.3313999997
457711.68,431030.51489999966
2102530.17,2706147.967799995
875372.91,929780.3560000008
981345.2,1001884.9629999996
1999794.26,2169406.816600002
2495630.51,2129687.3453999995
2461468.35,2594459.495499999
620087.35,532543.4151000006
1509323.09,1610073.188200001
1033552.18,1002950.4816999999
1375458.21,1444874.3531
1686010.02,1923479.3169000002
1394065.76,1403978.7250000017
1379488.05,1401695.4843999995
611258.71,679277.4848000007
1933719.21,1933620.9347000006
1912791.09,1918793.4108000014
2427640.17,2160087.7335999976
1837743.6,1779841.270300001
808821.5,817085.3160000006
773878.58,784305.5296000005
1153332.89,1108518.9241999993
1244390.03,1285281.761900001
1285358.01,1342255.4562000001
895069.88,934347.5702000005
1507460.69,1570042.6806000015
481119.6,489099.7759000007
2042581.71,1855369.2150999987
469598.57,510287.9964999996
2057059.53,1785278.2265999997
1833511.08,1983856.4958999974
1725268.56,1657860.8669999996
1063557.49,1043759.8926999996
1837553.43,1806538.4640999993
412314.71,453756.45469999977
1495536.46,1821515.1172000023
873643.14,843054.3915
457216.87,475409.75769999967
935266.43,884199.2851000001
1530761.43,1556096.1745000004
922539.94,981626.8819000006
1124763.74,1173053.9130000004
386344.54,355622.7900999995
275313.34,280599.6078000003
224294.39,247828.12900000036
697645.32,675350.803599999
450756.71,446917.5672999998
2091663.2,1950401.415099999
537224.52,541009.7110000004
246124.61,246332.48640000052
767338.32,737190.8154999996
1448938.92,1421984.4666000006
1911967.44,2131107.1784999985
941612.04,910308.1975999993
555279.02,552092.5075000002
432808.48,425408.46320000023
656637.63,624360.411700001
579874.22,693129.642
387944.83,414749.67170000024
1249696.97,1292954.7751000007
292859.36,288564.45929999964
994801.4,962336.4886000009
494145.8,507971.80400000006
412456.48,426629.9674999997
280472.78,295399.8783999997
496851.6,530822.7738999999
848358.09,893200.2891999993
599629.25,527759.3395999998
947815.05,960409.7762000002
453943.89,449493.8881999999
813845.5,833776.8534999997
374556.08,394908.5063000001
1799682.38,1740942.4188999992
565297.54,573656.5486000003
1377092.33,1352618.4813999995
471115.38,437619.6006999997
1762155.79,1895952.5139000022
722496.93,728190.2428999996
264214.12,289814.0283
844373.31,900660.3231000003
2066541.86,2047708.9045
1597868.05,1562400.729
1308122.15,1418403.4094999984
597856.51,690928.4387000005
586289.08,559540.5136000002
920128.89,907648.7685000001
719888.76,955745.8029000005
749549.55,822960.2269999997
483660.15,529943.2846000005
1122034.48,1069993.1269999985
1084722.78,1154877.0906000014
791356.9,675899.7651000001
619369.72,625252.9881999992
941829.0,937469.0726999996
960746.04,917422.3134000005
1081322.12,1114668.782899999
1079931.63,1120536.2439000013
874446.32,910597.7181000008
1853161.99,1850365.4865000006
321299.99,337250.02269999986
532241.22,498424.78560000024
522105.93,510164.5785999998
735796.38,957833.0749000004
751963.81,704495.8730000003
1440963.0,2590381.5026000026
559285.35,530579.7082999998
1010711.08,995428.7286
531811.85,523602.5007000003
833782.7,781241.3662999998
813630.44,785653.7782000004
522554.04,499647.4374000002
1507637.17,1457061.2469999993
1404516.29,1396465.5666000012
929690.71,952317.9631999999
911969.0,962156.836100001
584000.71,552361.3235000002
2027056.39,1968837.877600002
1761235.67,1623882.7150999992
2202450.81,2185569.7680999995
1315356.99,1431743.4518000009
1016143.64,1365609.8683000002
575676.13,595080.2305999991
246277.18,253304.83629999997
273690.37,258039.2273000003
1510397.27,1483773.241999999
968258.09,943875.2315000001
825283.43,888184.3773
531600.62,566237.0904999995
1224175.99,1224755.852200001
1042043.55,1229371.4877000002
1334571.87,1223914.9424999978
917317.15,1001910.4559000005
1198104.22,813136.409799999
1069533.17,1294699.2461000013
1294105.01,1289292.435300001
1472752.01,1441677.6342000014
505329.66,510699.1593000005
2013115.79,2163396.2937000017
821568.64,815203.5487999994
1344483.81,1394092.8205999995
1434709.63,1447380.5203999998
892133.41,916468.1204
753860.89,725827.3857000002
1733822.4,1041349.0628999997
1877592.55,1984334.8724999984
1354168.18,1474919.6639999992
471449.98,553368.8102000006
454694.21,433710.51039999997
1203172.05,1251603.1125999994
527509.76,584390.9888000005
853073.17,879099.9533999999
402341.76,360656.26339999994
368929.55,342313.3073000002
1930814.66,1857728.4591999988
1149448.02,1154534.0357
1379579.63,1288322.4589
1405168.06,1628404.4245999996
520284.79,549605.8243000004
311590.54,299296.1386000003
418925.47,457213.0656999994
2290549.32,2426065.6218000017
1375962.46,1426388.9281000006
967310.82,996654.4283999997
877813.33,873066.8448000005
757738.76,879855.8759999998
1511641.09,947364.5363999994
284309.34,304781.257
895020.48,886308.4699000004
1090558.57,1792074.6769999992
968816.33,977597.4465000002
1205536.71,1321679.6339999998
924011.76,1010758.8384000004
1257921.28,1278763.5221000027
916522.66,936593.8287000007
904650.55,980581.0331
392152.3,363665.88620000007
556046.12,521427.9402000004
472511.32,494539.2276999998
492792.8,519266.04749999987
617405.35,543873.2492000004
782796.01,779344.6747000003
1750891.47,2122007.926100001
1135577.62,1131916.2894999983
530367.83,518309.50990000024
274634.52,281085.37500000035
1112449.3,1061809.9484
498056.0,571239.1136999995
1419445.12,1434460.755800001
554036.84,554403.3382000001
1469693.99,1246256.6758999994
347295.6,342621.4439
1968045.91,2016172.803900001
295339.01,290342.5407000001
1933577.2,2085125.069399999
1843030.95,1869660.6067
581473.55,534313.6169
461868.09,457384.7124000005
274721.85,247402.81800000026
272997.65,277812.724
1493525.93,1535689.5326999999
354993.26,403801.1774000004
831425.2,914050.3913999996
506273.74,514747.50999999983
925916.65,1039741.2049000002
1361945.18,1416731.104700001
654088.02,633713.1036
1172003.1,2081368.9853000033
1306194.55,1384120.1551000015
1220579.55,947364.5363999994
515777.97,511784.1520999998
642827.29,678860.6777999991
1949183.14,1297842.8708000006
310800.79,263001.3272
653468.75,852416.5923999994
1986445.65,1989698.4594000012
1672339.27,1689209.0353000006
977062.44,994201.7329000006
685531.85,676936.0719
2143080.57,2475417.4488999997
1809989.29,2074306.4584000004
1366381.6,1386886.6043
565390.4,520711.4030999999
1703850.25,1777337.37
1935299.94,1896631.4341999996
1345454.0,1456690.7555999989
517021.3,503549.3249999996
1323999.36,1420538.0811000005
1554837.62,1386506.9167999986
551799.63,555956.1675000006
845252.21,878341.0479000001
1051518.45,937057.8929999993
1150204.71,1226347.0248999987
948977.5,1092523.9675999999
1226997.7,1340803.4424999994
967729.35,988342.3743
527041.46,512857.8051999996
571190.83,605193.5232999999
230519.49,256031.00580000025
1407842.91,1443819.593500001
579272.38,484594.6650999998
427175.03,395838.7518000002
1550214.02,873924.7529000002
997868.63,1025242.7937
1244542.33,1257551.078899998
1148987.46,1194379.132599999
942970.63,991753.8467999994
640181.86,684225.0409000005
905984.49,882645.4759000008
1334627.96,1288714.3182000006
1427383.24,1362372.2051000008
2363601.47,2238950.2147999983
771298.98,783702.5140000003
793589.18,824344.1280000003
555424.24,519596.4183999999
1287288.59,1339320.0012999985
452792.53,435310.1970999996
512834.04,544901.9278000004
301444.94,316944.28740000003
1880752.36,1856523.5359999985
620908.18,578571.0231999999
618949.82,690928.4387000005
1132948.48,1315397.9120999998
484032.75,517355.3348999997
847380.07,920586.0723000003
1140501.03,1166533.4175000007
2338832.4,1491302.1456999993
1206795.74,1184586.5049000005
1891816.0,1970336.0386999985
2015563.48,2044618.1955000004
553834.04,545723.5601
2068942.97,1505406.3370999992
1297792.41,1318558.8998000005
348591.74,353987.50220000034
1946369.57,1988062.2854
1245480.95,1247999.570599999
2144336.89,2366644.6354999975
619639.74,698135.6821000007
1525147.09,1554328.5930000003
1781717.71,1915496.1678000006
538344.1,516790.8884000003
659950.36,549593.9908000003
971422.67,940920.3773999998
956987.81,922055.7956000007
1008483.07,1028729.2979000007
768390.05,776175.7481000004
1118313.7,1074236.984899999
958007.69,978211.3774000001
1157557.79,1194630.8404999995
1337617.55,1287397.1366000003
1273279.79,1198852.341
763479.9,764846.4078999998
872113.23,860059.9769000002
537455.65,556638.1490000003
1109216.35,1160744.437599999
246970.97,271111.3674000002
1327405.42,1539219.0566000005
1799070.98,2053927.784199998
1355234.3,1443739.0693000003
1945808.26,1965935.4050999999
1333315.03,1300175.964100001
1183571.35,1192027.7722
1830939.1,1775531.8380999994
1441559.4,1299074.9351999983
349214.18,357159.24870000005
1477134.75,1400529.0488000005
475770.14,548931.3108999996
1115255.65,874860.8650000001
335858.11,337480.2398000001
413042.12,381805.10809999995
855001.02,838669.7165000008
1182694.95,1245122.4337999998
781694.57,760483.8983999996
1146992.13,1075684.8279999986
1173131.63,1297601.9242999998
793184.25,1087671.8901
237095.82,241811.47000000032
244856.44,250010.62970000017
1307928.01,1340784.737
1111638.07,1511134.3818
655157.32,676843.2903
1539483.7,1702223.8154999993
1345311.65,1363832.5233000002
320831.36,326163.09379999986
224639.76,244799.66050000035
1931668.64,1886836.7992000014
1795152.73,1786082.6207999995
1867345.09,1908861.6693000004
2039222.26,2160573.5914999996
867283.25,713799.5912999999
324174.79,289814.99140000006
1932233.17,1949276.829000003
1095091.53,1159819.9514000001
1376670.27,1390200.9492999988
542663.53,534471.9865000002
2078420.31,2048892.3076000002
1697229.58,1651680.7090999987
363064.64,363816.0173999998
733037.32,735656.4737000001
316687.22,317740.5727999999
564538.07,492451.88630000013
944100.3,947487.5783000004
1858440.92,2006760.7457000008
982523.26,918143.3863999996
899044.34,900107.7011000002
1615524.71,1472674.2236
813954.82,840115.2816000005
1441032.59,1356275.1241999995
269624.2,280119.61099999974
1171391.41,1118741.982
405860.37,425644.67459999985
1027584.51,1198684.0270000002
1929738.27,1383287.2829999991
816838.31,874139.2270999994
597855.07,615931.3977
1893955.27,1998087.7508000007
2283540.3,2150135.3859000006
603147.26,557333.9301999997
953495.48,911323.0284999995
530059.06,493752.73189999984
1230613.5,1185278.4024
892393.77,840791.8422999998
1470520.83,1313907.0258000009
1817887.23,1954974.4973000002
1826241.44,1867437.8600000015
1162675.85,1244927.0517000011
1429954.66,1444718.7407999993
1359158.57,1413611.4965000006
1494251.5,1558873.012800002
416953.51,374248.1025999999
498749.62,505413.14270000026
926455.64,896119.2005999994
434471.38,438646.6290000001
1773500.56,1694702.8740000003
1424225.44,1545242.1659999997
1311175.93,1347861.6370999992
1208600.05,1660740.0580999982
1375307.54,1428400.7015999993
3766687.43,2533481.487399998
435579.7,428321.4348
281909.79,280121.3286999997
1720908.01,1812362.6834999993
922440.64,924539.8522999996
1285976.53,1293998.2050999997
504750.35,496867.33009999956
711470.8,760775.5027999997
610641.42,623261.9927999999
2094373.0,2069135.9840000002
1309437.17,1369413.5330000005
1890273.44,1857542.2918999984
827738.06,834704.7963
1870843.9,1919964.182600002
1308537.75,1492440.6811999984
2152229.11,2046938.8303000003
1280231.85,1270215.743800001
1051922.95,1057397.8131999986
768718.11,751998.6587000006
1960587.76,2078876.2384999983
517869.97,550143.1557999996
2010216.49,1912736.0022000019
329467.82,326919.2279000001
713479.91,666749.9617000008
436970.1,393702.10350000043
1539930.5,1529661.8872000019
1049372.38,1043584.0599000008
2039818.41,2059972.9780999976
1903385.14,1907456.894600002
1130022.99,972693.5065000004
554972.42,517519.8460999995
817485.14,839744.8403999992
2205919.86,2311287.9906999986
852333.75,836161.0924000007
2168041.61,2069551.7445999992
1170456.16,1280979.041600001
1670579.82,1788862.907599999
1539230.32,1468422.6691999987
618121.82,666510.5737000005
1402372.09,1425116.998099999
1925728.84,2045742.6037999985
911245.43,991976.8935000001
495951.66,485354.47830000013
263263.02,280126.91940000013
1197373.13,1331270.8988999992
293350.51,324336.33020000043
821498.18,816713.9251999998
373267.58,359770.4527999998
1346783.35,1297010.3425999994
1092616.49,1123781.9857999987
1352401.08,1287491.4080000015
501251.4,508936.7749000005
1514259.78,1464989.6342999989
2034695.56,2106569.096700002
979552.34,916462.3892
629152.06,675799.5050999996
426151.88,424986.8565000003
438529.81,436106.12330000015
777175.28,908428.1300999984
628218.22,564210.6543000002
1407036.59,1408768.5687000004
333522.6,300016.9499999998
1040143.14,1041678.1686000008
1621841.33,1680248.0016999997
1763545.32,1655198.7368999997
1794868.74,2383692.558099998
407764.25,421086.9429999995
2052984.81,2064179.3579000009
1272395.02,1405242.6481
475776.45,499191.71689999965
453632.76,497551.6037000001
521516.96,563685.4186999997
385672.11,413613.2409999996
2168709.76,1994045.5424000013
2658725.29,2082467.8671000004
2374660.64,2158950.066599999
916033.92,852546.8786000002
285100.0,267736.8093999996
336378.38,341295.61390000023
1078182.18,1176638.7815999992
1563140.85,1366310.2529999996
1279080.58,1358919.9829999986
927249.61,916953.1349
350276.29,359279.71579999983
419348.59,433506.2324999997
1259941.48,1399070.1879999996
1360969.45,1421475.0829999992
503720.98,549604.3965999996
1156826.31,1088397.8531999995
297753.49,268293.6751000002
916446.02,993091.366799999
534597.69,560206.7323000004
1572966.15,1474872.47
1310684.1,1302306.6438000004
325041.68,332878.5712000003
1350441.68,1378906.7738000015
798593.88,698811.9314
1764984.15,1788564.2384999988
1360520.56,1377707.757799999
558837.27,518172.91449999943
444181.85,460171.62400000036
1547729.24,1448016.919
1293404.18,1442001.5712000001
1336044.75,1424091.1969999992
1669299.78,1758255.0439000002
1958823.56,1888124.0276000022
361311.41,366268.9041999996
443557.65,413521.5874999999
2103322.68,2055802.1486999977
855459.96,830869.3550999996
1536549.95,1534890.4477
987990.24,974815.5834000004
369722.32,402242.9044000001
434822.13,435678.8059000001
1607343.41,1628931.982699999
220060.35,259978.04079999984
549505.55,511839.1061999997
833517.19,895500.2747000002
877235.96,764984.2689999997
649128.23,608043.3974000001
1095421.65,1044313.3152999993
1110706.06,1063052.6048999992
861965.12,847766.6059999997
680943.03,642722.2520000002
1790439.16,1932540.9576999983
541120.2,568815.1700999998
1876704.26,1752963.2325000004
1556627.62,1353086.2592999989
571463.93,576518.2042999998
1629391.28,1496163.8952
715876.27,773223.0739999998
410497.73,398281.6957
628494.63,664026.0149999991
1621109.3,2062824.268799999
712647.97,727964.0118999998
835181.18,803403.0524000011
276198.74,250768.80720000027
1765571.91,1807699.5182999999
873576.96,831717.251399999
767358.37,939915.4772000008
325345.41,317747.40379999945
471281.68,505192.3117999995
855385.01,995322.2864999993
1707662.87,1685998.3252999994
466322.76,481896.1997999998
389540.62,379498.2451
2105301.39,2362579.4017999973
1875040.16,1759897.1813000008
1412925.25,1350174.4809
525545.76,531100.6938000004
344642.01,326553.5579999998
951588.37,988043.3916000001
1460354.67,1437572.5400999968
1827440.43,1801065.0742999986
1974960.86,2074989.8021999982
365098.24,275333.90430000017
2077256.24,1693340.3974
325310.3,328838.36139999965
2008344.92,2062484.2280999986
997672.62,999836.2236999996
312161.0,274065.9259000003
424083.99,451748.9257999999
613531.11,561767.4576000001
514731.6,513154.0419000002
490503.69,464346.94509999984
491179.79,469077.9546000004
829284.67,850276.2872
454183.42,498935.74000000005
304989.97,289892.7218000003
1804246.16,1961257.0241999992
985896.44,1130546.7977999998
1568048.54,1352149.2715999994
761793.94,675191.5299000002
958487.75,956972.2807000002
972663.59,952306.3315999999
355626.87,357723.3203000001
1445596.61,1452783.5258999986
1751369.75,1746258.4110999983
457030.86,439748.47319999954
815915.52,901132.3767999996
723086.2,714906.3798000009
1048802.62,998215.0847999997
1333740.35,1401877.6855999988
1989674.07,2089823.522199998
769848.75,778350.1399999999
505068.22,518538.24260000023
1198014.97,1164135.7748999996
435109.11,443547.02319999924
583210.87,579415.7098000001
1243812.59,1155965.7472999992
460331.7,516494.53740000026
282558.65,305286.4022
885445.47,914210.5975999988
382677.76,549032.4879999999
280785.76,281930.68139999994
734297.87,736839.1756999999
1379652.65,1442369.4040000003
452169.28,480372.5433999999
672062.08,682854.7229000012
758510.36,794593.5422999994
808030.15,873429.8160999994
288247.24,294432.66369999986
1487542.53,1413464.190899998
888834.07,884143.3489000003
739866.16,738305.3534999997
1979247.12,1914537.2606999995
1109574.11,1135177.7994
837548.62,804687.7181000006
727772.8,687464.0797
1004749.41,945198.2659000005
587370.81,612914.9529999996
1702220.96,1454386.0120000008
1648602.39,1599412.7690000006
1764133.09,1866310.6903000006
718393.61,793363.8152999994
1002806.39,969190.2004999998
1321102.35,1378537.406999999
1127859.69,1325112.1023999988
320691.21,317013.29460000014
463448.59,484550.64299999946
286477.35,291422.7799999998
1891034.93,1855234.1845000004
699536.73,666625.2481000007
1413124.11,1394076.4277
348895.98,353794.0669000003
1531938.44,1585912.0584
1443285.79,1398783.5475000015
1379651.87,1392723.0543999998
511049.06,486306.3886999994
1757041.96,1660444.2202
558473.6,573644.4757000004
979848.71,1083347.9644000004
1694862.41,1675506.2708999992
1743882.19,1818895.4667999998
288855.71,278221.6382
1373907.21,1389945.7936000004
600952.06,554111.2878
1870619.23,1906105.3147999996
1044639.69,996132.8009000005
1837884.79,1841946.2054999974
1514828.82,1339233.5108999985
1280465.8,1317035.7127
419497.95,429813.8490999998
1483784.18,1649999.6327000002
912762.76,984273.8245
651521.77,604710.1177000002
1373270.06,1491117.0704999992
583364.02,681266.1107000005
1177340.99,993006.6597000005
534740.3,626805.6554000006
1503284.06,1470595.4312999996
973585.33,984224.7885000003
977286.07,964170.7975000003
505406.72,513430.83729999966
570611.23,560308.1618000006
356622.61,303616.2966000001
1981607.78,1888474.349800001
1907351.2,1940860.8187000006
1855703.66,2012261.9749
328633.34,325651.4426999999
1316899.31,1544719.9482000005
2203523.2,2093508.4600000018
1031139.3,1047834.7822000011
672831.78,716368.9260999998
1811455.15,1892044.4565000006
1456793.33,1424569.2963999978
428806.46,435386.6069000002
1459601.17,1510174.6137000006
307126.34,308261.3284999999
541216.92,483510.3012999999
1101458.21,1105667.6052999995
286347.26,275573.11560000025
1327424.28,1322316.057
1377593.1,1482831.3299999996
1224915.66,1251652.2934
950862.92,1039300.3386999993
1143724.48,1336749.2516
822167.17,818838.2473000006
312078.71,302178.1475999998
226702.36,248554.58900000024
963910.81,943697.5950000008
445530.16,449590.3290000004
325201.05,275764.12860000035
2115408.31,2112112.975300001
513107.2,573178.3720000004
2008350.58,2114080.4384
1405007.44,1371622.1352999988
1086231.47,1010159.0488999992
1332716.53,1373941.2006000017
278287.04,271845.4171
490981.78,487883.4317000002
1355391.79,1308863.9226999993
943912.77,939884.4920999999
1021534.7,1035786.3392999999
2117854.6,2107129.232999999
1682316.31,1760480.2797999985
1900535.9,2072716.0628999982
1921655.48,1712688.0043000015
948964.99,884255.5827000003
1230011.95,1103524.0263999994
1639999.47,1623898.9721000015
1278304.33,1276615.6246999986
574450.23,498319.54750000045
446336.8,428160.8204000003
1215354.38,1249099.8971000002
423175.56,398812.03520000033
1297237.7,1453237.5026999987
300255.87,306067.1124000001
415202.04,396418.9683999999
423805.22,412232.6165000001
616324.24,615581.4732000006
2005478.46,1879903.9373999992
356797.0,379107.1553999998
663396.32,589157.0078000005
1338716.37,1448311.8123999995
479263.15,519328.99570000067
1376571.21,1280405.683800001
1557776.1,1207026.2923000006
1518841.45,1750900.8300000003
394645.25,372152.2603999997
365248.94,374754.0833
773367.71,806057.5853
792299.15,785960.2653000006
462474.16,455295.1832000006
1212938.67,1349233.5930000003
338737.33,341751.2272000004
1442819.28,1404691.0329999991
1234875.33,1284071.156499999
677971.33,666938.4723999994
545570.86,570716.0109000005
1371465.66,1426254.7296999998
303108.81,287938.24220000015
699464.43,709968.576200001
1321914.34,1357131.3622000003
700272.01,702526.0510000004
385631.48,366605.85959999985
2044155.39,2112633.738900001
513073.87,505625.4068999999
336241.0,338613.0206999999
330604.9,358958.9425
857797.33,837937.2074999996
2251206.64,2708554.072499999
1266564.94,1363559.2024000003
1358816.46,1324360.6022999985
1645892.97,1718849.5187000001
1697230.96,1589499.1873
326870.13,310332.25960000034
729036.06,704716.4313999997
498241.06,501290.4098000002
945018.83,951229.2747999988
905324.68,621842.8269999997
699270.1,720849.0041000003
267495.76,273174.2267999999
1840131.19,1545122.5613999993
249798.75,275978.45170000015
1851519.69,1872240.1131
508309.81,513601.81080000004
2109107.9,2223514.207399998
382914.66,397941.2813
335741.9,315371.27570000006
1372504.9,1394688.503
873065.23,832076.2449999991
540149.85,517670.8123000005
1863195.68,1339686.4725999993
923644.6,966155.9731000011
959339.51,1036947.8066000006
1283849.38,1281506.2986999997
662198.65,632283.6951000001
916967.92,964121.8576000003
513615.82,522348.6420999999
1280414.8,1356238.5343000009
611390.67,589423.0037999995
1814806.63,1842770.065499998
2429310.9,2292538.7418000023
890547.07,965068.3861000007
1827797.4,1792299.1828999997
1115138.51,1103833.3192999994
1150003.36,1186593.0181
1665502.55,1486500.3692999994
578002.85,565449.1940999995
323915.32,328748.1812000002
905756.13,959850.8790999992
826626.5,892894.4361999999
1789113.32,1516134.273
751167.12,758508.5487000006
554093.15,545498.6957000004
749779.1,763434.1696999997
659816.15,574720.6006999998
1060433.1,1102748.4340000001
505978.46,547292.7479000001
297293.59,292703.63470000005
1245898.73,1403640.8120999988
985594.23,1068848.0991000002
1543365.9,1604243.5454000018
997502.47,1032935.064799999
511316.29,553254.4450999999
2370116.52,2206580.9037999976
376183.44,387910.3484999995
1392543.37,1447224.3706999996
529418.64,565547.5295000008
592981.33,573750.1232999996
1048706.75,1074433.5499000004
1219583.91,1258083.9896000016
395107.35,383568.6610000003
794660.24,774950.5458000009
727163.67,798691.8791000003
2165160.29,2109338.840799999
1311775.83,1398679.3618999997
946060.98,977892.5269000003
1289082.81,1290152.7502000001
830756.76,863807.3503999994
1106575.59,1189390.4379999996
586061.46,521284.1535
555954.13,571784.2826
938604.58,950990.4463999994
1314987.4,1339388.4196000004
1263680.51,1278349.9605999994
755098.41,766536.6648999996
1711769.11,1737915.6487999978
408838.73,403358.1717000004
2149355.2,1355668.166299999
2197299.65,2170744.105800003
403342.4,371337.87330000004
872817.62,876205.063
1759777.25,1665387.2269
1012075.12,975899.2364000014
1386472.59,1377747.1106999994
903882.96,907974.3680000007
1991824.05,2057626.2758000016
887979.47,875787.5568999994
1320239.51,1413958.6323999993
2258616.24,1986146.7994000015
1371405.33,1347978.7406000015
458086.69,501697.0127
1130926.79,760175.5842
595421.23,614930.8787000008
1188047.61,1401957.4249000004
821127.53,782581.2255999999
313387.11,326027.32730000024
1884734.31,1868512.0579
1802755.11,1807109.4383999975
1484995.38,1519744.149499999
1827521.71,1798656.1288000015
952766.93,995211.3697999994
294882.83,290755.62089999963
1088248.4,1005146.3431000003
1037464.27,992572.1479999996
1062629.3,946735.371300001
1106847.62,1128631.6494999998
1473386.75,1391556.2079999982
1017593.47,981554.3805
1522978.54,1546686.3269999984
1941676.61,2013894.1985999981
817653.25,820951.8266000007
733455.07,721145.2119000007
1523101.38,1215186.341
1949177.13,2055952.1957000014
485150.01,499734.8607999997
310141.68,318973.0618000002
1877410.36,1587905.0861999996
390732.02,418756.7245999997
1029849.2,925930.1572999996
408679.36,431553.48929999984
1913494.81,1680685.2534999999
2105058.91,2287669.603099998
991570.02,1090710.1077999996
1007257.83,1015454.3092999996
527117.81,545045.0185000007
894865.3,905793.6153999993
953533.95,1055862.4823999999
1244391.83,1297717.7303999986
448392.17,452087.6903
1377716.17,1466832.381299999
998362.05,998582.7983999994
454412.28,605465.1713999996
262789.95,247883.02120000022
928537.54,982797.2314999994
506502.09,514858.4953000003
1399662.07,1507913.7016000012
1214944.29,1250394.3802999991
380188.69,364541.59459999984
1456300.89,1349452.4599000006
362134.09,372569.5837000002
2065191.27,2022012.5039999976
1141184.66,1200480.2653
436293.4,449290.1646999998
806012.48,764908.0913999995
773725.08,869399.6605
213538.32,253555.24920000043
1511717.53,1871898.8576000012
1574287.76,1542337.5672000009
1788227.6,1769243.2271000007
1854967.66,1976980.1430999988
484835.2,507663.5853999992
2024554.1,1933712.0234000005
240044.57,252032.40110000034
795133.0,791326.1664000005
508576.62,501874.7241999997
1631737.68,1329551.847499998
1869110.55,2043634.5702999989
369106.72,344150.88269999967
1931104.67,1948067.2563999977
1213860.61,1380414.5200000003
1642970.27,1417780.6416999984
383550.93,402791.9188999996
891736.91,1465074.8760000002
585895.34,564522.8999999999
3487986.89,2536367.823400002
885608.04,971448.0593000003
1593655.96,1080403.3662999992
1319054.57,1301072.1237000006
1953539.85,1994493.570299999
1061196.47,1057930.1474
1911510.64,1894760.7515999987
333948.0,328640.11919999984
296673.77,300486.6946999998
714677.47,754486.8934
516556.94,518264.31480000017
442457.35,453153.8211999999
1000582.06,1314810.0839000007
2148822.76,2085501.231500002
928264.4,982834.9686000001
294264.2,301306.2054000001
1429143.06,1440694.5275000005
1594968.28,1476114.876700001
529707.87,533064.7119000003
1522042.57,1430928.6757000007
592947.75,574277.8551999992
237129.81,257256.20730000015
1033017.37,990507.6401000002
270677.98,298022.42179999995
2154137.67,2164576.8515999997
529852.7,511381.10979999974
1547654.98,1552844.8885000015
611585.54,611145.4883000001
1336404.65,1490390.7626000002
1758971.38,1717569.690099999
336189.66,343362.60340000014
1267619.06,1273157.6455999988
660619.99,665219.8629000009
651837.77,536070.8961000001
1002856.2,1008695.8672000004
1198709.65,1308215.7659000007
410804.39,415273.1134999998
303643.84,291296.92410000047
1351791.03,1496879.5840000007
519585.67,540071.7561000001
1311986.87,1322149.375700001
1682614.26,1849340.136700001
660632.05,629201.2044999999
2035189.66,2033441.5111000005
574622.56,560116.9503999997
1512207.95,1350470.0704000017
836419.14,845159.4682999991
1390934.27,1908257.0953000016
683300.84,659869.2756000008
1325835.7,1253753.3408000004
244338.31,267092.95060000016
984833.35,978997.8778999995
1478321.26,1274169.8550000002
533414.62,565532.0090999999
1347454.59,1362436.3442999998
775910.43,809615.2109000005
337979.65,349074.07230000006
1704218.84,2430727.304999997
675202.87,662535.9084999997
1564819.81,1487508.5171999992
282545.55,297085.92260000034
1166117.85,1138118.1473000015
1065350.56,1135896.3169000004
1297535.69,1368629.6230000001
1897429.36,1874913.7361
342214.9,353660.03180000046
2131900.55,2009981.3807000003
1691439.52,1760429.5960000008
1857500.96,1877214.8277999992
2138144.91,2133939.7697999994
517850.83,520797.6320999999
1601377.41,1208282.8245
401615.8,435372.0694999998
979428.66,927155.4367000008
1794355.49,1813160.3424999977
1620374.24,1632468.0752999985
615997.29,613541.9247999997
877268.29,1211085.2341
451077.21,449269.89359999984
851762.28,897701.6584000001
1066792.63,1101887.7120999992
1143819.35,1141901.2705999983
1557314.58,1254613.5773999991
1962445.04,1523920.1319
283455.13,292962.72380000004
1650894.3,1750654.5889000008
1983190.56,1907713.3674999997
1048866.3,1013692.6845
910240.68,905740.6233000004
1189646.45,1387504.3205
1263534.86,1532682.2767000005
982598.88,1307770.8830000004
1422794.26,1261218.0609000027
416036.75,440371.4961999998
1061134.37,1022606.6180999996
420515.63,419659.38920000027
825584.22,968910.8495000004
1200019.74,1241707.0685000005
468189.93,455197.20869999984
1336838.41,1343986.4425999983
1264272.52,1328938.4892999995
624114.56,616694.4456999995
469311.17,442483.01159999974
1886503.93,2194240.5090000005
781267.76,792687.2812000001
1297335.87,1362814.9115000002
1227469.2,1194647.6456999995
529384.31,501263.02930000046
680254.35,669294.4305999997
469563.7,461427.0212000001
272190.83,277513.3956999997
988764.84,996572.8926000003
892070.82,907972.5955999999
1331137.96,1367025.8737999992
2062481.56,2057832.0524999988
902109.69,1101058.4993999992
2302504.86,2836993.1638999945
329183.92,304265.9042000002
1426405.46,1431811.802700001
449516.29,397629.05380000063
883683.35,841719.1300999995
339976.65,402459.4781000004
396968.8,354499.20350000006
2082355.12,2138352.1361999987
535937.25,511532.22520000086
1430851.11,1542514.5678000005
1704753.02,1786915.9598000017
589091.04,511102.0305000001
321110.22,307103.3434000004
1537139.56,1889053.7401000008
642776.4,623485.5243000003
655811.95,646998.7500000001
2432736.52,2717235.556800003
1523979.11,1570135.604700002
958225.41,858470.5557999999
3818686.45,2586484.477599998
468428.3,531002.2875
955294.7,900813.8072
1248901.98,1292395.2248999993
558671.14,549056.0333
1935869.1,2030279.3907999983
480239.88,472520.1403
1069112.0,914072.9566999997
1244381.98,1281873.1618000008
2156035.06,2155553.5548
463561.48,488774.29689999996
638144.98,657631.6300000009
1337506.74,1313086.012
660838.75,586714.9945000007
616345.25,619661.8145999998
1090915.09,1081276.5823000006
1364445.98,1437699.8815000001
1133807.03,1047108.4422000006
435972.82,444560.0656000004
303908.81,353240.5993
574955.95,593406.7180000002
575997.78,569342.6078999997
562173.12,564741.6097000008
527953.14,519332.4926000001
1306551.71,1291697.8167000008
1229257.7,1139968.6519000006
527572.25,504832.3626999996
1527845.81,1577428.6189000004
918049.28,983680.6352000001
1808250.71,1996155.6256999993
239431.85,242468.2893000002
1122053.58,1084483.116699999
1502078.93,1432635.5908999979
303043.02,293325.1895999998
1455119.97,1498941.1100999997
1385769.03,1378109.6306999982
668390.82,680267.4327999996
970641.34,1123583.8193000003
688940.94,668921.6015000005
1414564.53,1409314.0275000008
1946070.88,1901134.1233
1848426.78,1861963.5810999996
1754879.45,1862733.4798
1792345.3,1825772.5766999985
1391813.69,1291946.0977999999
1524390.07,1729921.7876999998
1464616.59,1353041.0942000004
1425559.02,1396534.1599
1688531.34,2112353.970400003
1513635.64,1524455.646
1828052.47,1812384.2014000022
827717.85,837146.7681999999
273079.07,287702.30989999976
966780.01,1004934.5478000013
658997.55,642064.5903999999
929096.9,1034111.7547000009
1939980.43,1920599.204599999
1313729.72,1902423.524200002
505405.85,667135.4032000001
893399.77,860431.0078999996
1158698.44,1268296.108399999
918335.68,865841.2288000007
391860.04,366719.1690999998
314607.22,289605.98980000033
585548.79,542430.7731999996
1863840.49,1888380.6178999993
1436383.84,1377781.5254000013
497374.57,462142.0919000002
407589.16,404075.52190000034
2020332.07,2089750.9510000008
557166.35,589781.9694000006
2246179.91,2139494.1649
912857.1,975603.2620000009
996937.95,980414.3389000013
1282378.71,1192519.792
1394393.84,1432055.122400002
757369.87,936045.4784000008
1310087.0,1271217.4404999996
1230245.74,1169491.7994
649791.15,622615.7570999997
1242746.06,1245139.483399999
1436311.76,1448156.9643000003
1468350.36,1371679.2726000005
913616.32,933185.984999999
1661767.33,1590649.686000001
813756.09,862456.6504
1415204.88,1467419.8737
427491.04,426562.26580000034
2236209.13,2112646.300200002
848289.41,838647.1613000003
1187776.19,1170791.7608999992
923600.02,969403.7585000008
1536176.54,1681650.0047999993
1370659.54,1378998.5879999988
575570.77,581080.5037000001
1375101.26,1459207.4869000004
976393.43,983275.1792000007
1351407.79,1461662.3230999992
369350.6,375058.07679999975
918006.9,882565.0650999998
864881.24,911216.5607999983
562633.67,606526.7825999998
2137809.5,2130010.0936
556925.19,447789.0492
1327719.34,1282547.494300001
1660081.29,1614807.9424999983
1624477.58,1575772.4104000002
1372043.71,1457181.026599999
394918.83,406846.2636000001
988392.99,1008076.471300001
1230118.02,1522420.6805999994
624099.48,669062.5581000005
754236.7,756618.7838000001
411116.95,398744.66940000025
2224499.28,2104684.3174000015
1176588.25,1289098.369299999
360256.58,345569.17260000005
1811562.88,1766777.0290000015
1246062.17,1190408.0262999984
667353.79,665547.6305999992
1461393.91,1366851.818799999
588363.62,504378.8762999998
1048101.39,974062.381600001
630740.11,676530.2352000012
1740063.1,1800934.5318999982
1149427.48,1330201.0280000006
1680764.06,1306140.279699999
1934099.65,1441817.5148000002
1511041.69,1422622.1102000005
328498.92,330205.3518000004
820188.42,839066.1268000003
453016.91,452671.6731
981615.81,1005662.5257000001
1408907.89,1324185.3253000008
1021391.99,991894.5464999996
432424.85,413281.5634000003
594744.89,622737.2278
315645.53,295689.0690000003
1302499.23,1466832.780999999
1295605.35,1384934.1547000003
924174.4,1006010.7361
1037549.71,1014076.5215999999
622437.08,632047.31
337825.89,299240.5088000002
507335.75,526557.2768999995
2163384.17,1848202.5926999985
1267675.05,1295205.7409000013
667151.46,658823.102699999
1213486.95,1789739.4129999971
1384721.84,1455104.2551000004
306827.36,323078.47540000046
277137.86,294120.83680000046
981646.46,1012501.8394000009
2121788.61,2133100.4137999993
298080.45,294392.22370000015
453308.15,420434.48839999974
570816.34,628259.7862000004
491115.86,561579.9542999994
903864.02,944314.439399999
1677472.78,1589507.6421999978
1588430.71,1657375.0798999998
1388553.11,1438333.7749
1317379.68,1324555.3138000006
412882.31,428618.2738999997
429305.82,429567.3860000004
312361.88,330139.4602000002
1116295.24,1119595.3247000007
1220815.33,1304577.1714000017
1484708.38,1636056.3020000004
717207.19,723194.1465999999
1544653.37,1473009.7705000008
2005341.43,2048561.7149999994
941008.85,980042.5640000004
712312.89,742739.2100999998
1772143.94,1962081.904500001
552985.34,529252.0585999998
1539387.83,1675457.4424000003
1449142.92,1492298.6656
2189353.63,2014217.3212000018
2055952.61,2097173.9030999998
1344580.92,1403989.7168000021
298697.84,306976.7142
491449.94,547443.8537000006
1033171.07,987550.4273000008
981210.57,974225.6057
1999363.49,2122092.5298999995
2207214.81,2144900.2805999992
805028.74,792032.9237000002
643603.69,593879.1793000004
899761.48,992807.3136999994
1908278.27,1962990.0651999991
241937.11,299069.742
361067.07,326924.63119999995
1199845.29,1155305.4260999996
726422.55,703076.6694000001
1277959.42,1315214.8159999994
522816.85,516686.0204999995
1841369.99,1807976.4862999998
710496.97,695628.0619000003
802583.89,794584.5499000007
342385.38,329099.3350999999
2095591.63,2229334.382399998
1277882.77,1224092.7280999995
1445249.09,1524472.9634999998
261131.09,274101.8989999999
684348.92,691915.4081000006
1543947.23,1410618.6062999987
329613.2,290291.3048000002
1635078.41,1509449.1152999997
535769.32,565903.3348999993
1350646.16,1381782.7651999996
859258.17,797905.5917999991
489079.23,491830.7607999998
306098.17,319688.3691
1246242.61,1296427.6810999995
558691.43,527150.3069000001
481144.09,504985.0133999994
2081534.65,2170438.927900001
541406.98,577236.4196999995
359949.27,395287.8164
1290684.95,1319061.3817000003
1857533.7,1883799.205399999
1034119.21,975278.6221999999
503295.29,554086.8109999996
1239423.19,1281257.7872
437222.94,428344.3789999999
589554.29,625855.0282000001
820288.35,876800.0408999998
366367.55,370564.4996999997
2094515.71,1995057.3053999967
340497.08,368376.5415000003
1419236.9,1520574.1217000003
449355.91,435379.9841999999
500945.63,541050.5755999996
1785823.37,1864156.6922999993
1794962.64,1814415.5806000016
725043.04,664670.9910999999
994610.43,1013938.2595000006
1707481.9,1780721.7294000003
768070.53,564316.6118999996
1011201.12,1152517.8400999994
425215.71,436283.94309999957
1492060.89,1436531.452299999
801098.43,789820.0886000003
890689.51,718318.3396000001
2066187.72,1907726.9836999988
816138.33,798418.1636
